{"cameraMode":{"drawMode":0,"name":"Shaded","section":"Shading Mode"},"sceneLighting":true,"audioPlay":false,"sceneViewState":{"m_AlwaysRefresh":false,"showFog":true,"showSkybox":true,"showFlares":true,"showImageEffects":true,"showParticleSystems":true,"showVisualEffectGraphs":true,"m_FxEnabled":true},"in2DMode":false,"pivot":{"x":0.24069786071777345,"y":3.168172836303711,"z":-61.900726318359378},"rotation":{"x":0.0021040746942162515,"y":0.7128097414970398,"z":-0.0021384183783084156,"w":0.7013521790504456},"size":79.6566390991211,"orthographic":true}