{"cameraMode":{"drawMode":0,"name":"Shaded","section":"Shading Mode"},"sceneLighting":true,"audioPlay":false,"sceneViewState":{"m_AlwaysRefresh":false,"showFog":true,"showSkybox":true,"showFlares":true,"showImageEffects":true,"showParticleSystems":true,"showVisualEffectGraphs":true,"m_FxEnabled":true},"in2DMode":false,"pivot":{"x":32.10833740234375,"y":7.509699821472168,"z":2.2247471809387209},"rotation":{"x":0.046662554144859317,"y":0.27566802501678469,"z":-0.005291948560625315,"w":0.9631758332252502},"size":22.159076690673829,"orthographic":false}